GeneID,FK FPKM,HN FPKM,log2(HN/FK),Qvalue(FK-vs-HN),Pvalue(FK-vs-HN),Other Gene ID,Transcripts,Gene Type,Transcripts Number,FK2 FPKM,FK4 FPKM,FK5 FPKM,HN1 FPKM,HN2 FPKM,HN3 FPKM,HN4 FPKM,HN5 FPKM
6385,61.683,267.294,2.331146517,0,0,SDC4,"NM_002999.3,XM_011528977.2",Known_gene,2,36.32,120.56,28.17,238.78,167.62,275.23,264.23,390.61
2150,5.153,16.622,2.039230759,1.19E-279,1.32E-279,F2RL1,"NM_005242.4,XM_017009223.1",Known_gene,2,0.61,14.16,0.69,15.77,7.17,26.73,19.92,13.52
10451,9.363,67.074,3.088326822,0,0,VAV3,"XM_005270361.1,XM_005270360.2,NM_006113.4,XM_017000054.1,XM_017000056.1,XM_017000053.1,BGI_novel_T002294,XM_017000055.1,BGI_novel_T002296,NM_001079874.1,BGI_novel_T002295",Known_gene,11,3.02,23.43,1.64,53.64,74.11,67.6,70.73,69.29
